{"lr": 0.00997794446709763, "data_time": 0.006614828109741211, "loss": 0.07083337008953094, "decode.loss_ce": 0.047734107449650766, "decode.acc_seg": 84.2620849609375, "aux.loss_ce": 0.02309926217421889, "aux.acc_seg": 84.0362548828125, "time": 0.2459155559539795, "memory": 5948, "step": 100}
{"lr": 0.009955660594668054, "data_time": 0.006486773490905762, "loss": 0.07363665588200093, "decode.loss_ce": 0.05059762019664049, "decode.acc_seg": 79.7607421875, "aux.loss_ce": 0.023039035312831403, "aux.acc_seg": 64.3402099609375, "time": 0.24690489768981932, "memory": 3774, "step": 200}
{"lr": 0.009933371122565919, "data_time": 0.005483555793762207, "loss": 0.055077818036079404, "decode.loss_ce": 0.03809173870831728, "decode.acc_seg": 86.163330078125, "aux.loss_ce": 0.016986078955233096, "aux.acc_seg": 81.353759765625, "time": 0.2458702802658081, "memory": 3774, "step": 300}
{"lr": 0.009911076035273796, "data_time": 0.005223202705383301, "loss": 0.06405907720327378, "decode.loss_ce": 0.04489793237298727, "decode.acc_seg": 86.3616943359375, "aux.loss_ce": 0.019161145482212306, "aux.acc_seg": 79.3121337890625, "time": 0.2460336923599243, "memory": 3774, "step": 400}
{"aAcc": 68.84, "mIoU": 25.66, "mAcc": 37.82, "data_time": 0.0021683216094970704, "time": 0.6543883562088013, "step": 400}
{"lr": 0.0098887753171919, "data_time": 0.005756402015686035, "loss": 0.05135319866240025, "decode.loss_ce": 0.036634614877402785, "decode.acc_seg": 79.595947265625, "aux.loss_ce": 0.014718583971261977, "aux.acc_seg": 78.3203125, "time": 0.24637577533721924, "memory": 4928, "step": 500}
{"lr": 0.009866468952637547, "data_time": 0.005608797073364258, "loss": 0.05575023591518402, "decode.loss_ce": 0.03938784822821617, "decode.acc_seg": 77.0355224609375, "aux.loss_ce": 0.01636238768696785, "aux.acc_seg": 81.0882568359375, "time": 0.24632842540740968, "memory": 3774, "step": 600}
{"lr": 0.009844156925844432, "data_time": 0.00572211742401123, "loss": 0.04244192894548178, "decode.loss_ce": 0.029935243912041186, "decode.acc_seg": 91.0247802734375, "aux.loss_ce": 0.012506684800609947, "aux.acc_seg": 92.724609375, "time": 0.2479724884033203, "memory": 3774, "step": 700}
{"lr": 0.009821839220962003, "data_time": 0.005830454826354981, "loss": 0.04205992165952921, "decode.loss_ce": 0.029336141422390938, "decode.acc_seg": 79.9407958984375, "aux.loss_ce": 0.012723780050873757, "aux.acc_seg": 76.6021728515625, "time": 0.24785966873168946, "memory": 3774, "step": 800}
{"aAcc": 70.31, "mIoU": 30.33, "mAcc": 38.09, "data_time": 0.001659250259399414, "time": 0.16187260150909424, "step": 800}
{"lr": 0.009799515822054777, "data_time": 0.006236958503723145, "loss": 0.041365469433367254, "decode.loss_ce": 0.028970771096646787, "decode.acc_seg": 92.1478271484375, "aux.loss_ce": 0.012394698709249497, "aux.acc_seg": 91.5008544921875, "time": 0.24808135032653808, "memory": 3774, "step": 900}
{"lr": 0.00977718671310168, "data_time": 0.005691838264465332, "loss": 0.04626468457281589, "decode.loss_ce": 0.03216973356902599, "decode.acc_seg": 77.7191162109375, "aux.loss_ce": 0.014094950817525386, "aux.acc_seg": 76.776123046875, "time": 0.24780128002166749, "memory": 3774, "step": 1000}
{"lr": 0.009754851877995354, "data_time": 0.006024789810180664, "loss": 0.036534829810261724, "decode.loss_ce": 0.025206910073757173, "decode.acc_seg": 93.75, "aux.loss_ce": 0.011327919736504554, "aux.acc_seg": 92.7947998046875, "time": 0.24851698875427247, "memory": 3774, "step": 1100}
{"lr": 0.009732511300541468, "data_time": 0.005622315406799317, "loss": 0.04571469537913799, "decode.loss_ce": 0.031636256538331506, "decode.acc_seg": 81.8817138671875, "aux.loss_ce": 0.01407843865454197, "aux.acc_seg": 80.1177978515625, "time": 0.24825115203857423, "memory": 3774, "step": 1200}
{"aAcc": 82.59, "mIoU": 41.57, "mAcc": 46.49, "data_time": 0.0016451358795166015, "time": 0.16279206275939942, "step": 1200}
{"lr": 0.009710164964458045, "data_time": 0.005664658546447754, "loss": 0.03837061226367951, "decode.loss_ce": 0.0269054033793509, "decode.acc_seg": 73.236083984375, "aux.loss_ce": 0.011465209489688277, "aux.acc_seg": 71.3836669921875, "time": 0.24772121906280517, "memory": 3774, "step": 1300}
{"lr": 0.009687812853374727, "data_time": 0.006138157844543457, "loss": 0.04455740451812744, "decode.loss_ce": 0.03206148035824299, "decode.acc_seg": 76.0650634765625, "aux.loss_ce": 0.01249592425301671, "aux.acc_seg": 72.8118896484375, "time": 0.24867660999298097, "memory": 3774, "step": 1400}
{"lr": 0.009665454950832103, "data_time": 0.005637431144714355, "loss": 0.049880812875926495, "decode.loss_ce": 0.03527574548497796, "decode.acc_seg": 78.1036376953125, "aux.loss_ce": 0.01460506757721305, "aux.acc_seg": 76.446533203125, "time": 0.248152756690979, "memory": 3774, "step": 1500}
{"lr": 0.009643091240280942, "data_time": 0.006068515777587891, "loss": 0.04314704183489084, "decode.loss_ce": 0.030123660899698736, "decode.acc_seg": 87.5213623046875, "aux.loss_ce": 0.013023381307721137, "aux.acc_seg": 87.2894287109375, "time": 0.24858052730560304, "memory": 3774, "step": 1600}
{"aAcc": 77.68, "mIoU": 39.86, "mAcc": 46.75, "data_time": 0.0016583442687988282, "time": 0.16279377937316894, "step": 1600}
{"lr": 0.009620721705081534, "data_time": 0.005719780921936035, "loss": 0.04495006985962391, "decode.loss_ce": 0.03201020732522011, "decode.acc_seg": 73.2635498046875, "aux.loss_ce": 0.012939862767234444, "aux.acc_seg": 71.380615234375, "time": 0.24952967166900636, "memory": 3774, "step": 1700}
{"lr": 0.009598346328502901, "data_time": 0.005792570114135742, "loss": 0.03803885765373707, "decode.loss_ce": 0.026856992952525617, "decode.acc_seg": 77.0263671875, "aux.loss_ce": 0.011181865073740482, "aux.acc_seg": 78.28369140625, "time": 0.24902842044830323, "memory": 3774, "step": 1800}
{"lr": 0.009575965093722064, "data_time": 0.005749130249023437, "loss": 0.036345836333930494, "decode.loss_ce": 0.026145022921264173, "decode.acc_seg": 88.5040283203125, "aux.loss_ce": 0.010200813226401807, "aux.acc_seg": 87.8997802734375, "time": 0.2486107587814331, "memory": 3774, "step": 1900}
{"lr": 0.009553577983823325, "data_time": 0.005771374702453614, "loss": 0.03591857571154833, "decode.loss_ce": 0.02526981886476278, "decode.acc_seg": 86.9537353515625, "aux.loss_ce": 0.010648756567388774, "aux.acc_seg": 84.3841552734375, "time": 0.2484672784805298, "memory": 3774, "step": 2000}
{"aAcc": 77.53, "mIoU": 40.93, "mAcc": 46.96, "data_time": 0.0016922235488891601, "time": 0.16292645931243896, "step": 2000}
{"lr": 0.0095311849817975, "data_time": 0.0056182146072387695, "loss": 0.0378158112987876, "decode.loss_ce": 0.026259682327508926, "decode.acc_seg": 84.326171875, "aux.loss_ce": 0.011556129530072212, "aux.acc_seg": 85.3179931640625, "time": 0.24902691841125488, "memory": 3774, "step": 2100}
{"lr": 0.009508786070541123, "data_time": 0.005822682380676269, "loss": 0.04468656405806541, "decode.loss_ce": 0.031682797335088254, "decode.acc_seg": 89.07470703125, "aux.loss_ce": 0.01300376681610942, "aux.acc_seg": 92.2882080078125, "time": 0.2500137805938721, "memory": 3774, "step": 2200}
{"lr": 0.009486381232855704, "data_time": 0.006820869445800781, "loss": 0.03958411421626806, "decode.loss_ce": 0.027988896518945695, "decode.acc_seg": 84.6923828125, "aux.loss_ce": 0.011595216998830437, "aux.acc_seg": 85.272216796875, "time": 0.25080370903015137, "memory": 3774, "step": 2300}
{"lr": 0.009463970451446941, "data_time": 0.0056992053985595705, "loss": 0.029436725564301013, "decode.loss_ce": 0.020957219414412975, "decode.acc_seg": 93.9605712890625, "aux.loss_ce": 0.008479505777359009, "aux.acc_seg": 91.7572021484375, "time": 0.2487987756729126, "memory": 3774, "step": 2400}
{"aAcc": 81.05, "mIoU": 39.65, "mAcc": 45.41, "data_time": 0.0018519878387451172, "time": 0.16340885162353516, "step": 2400}
{"lr": 0.009441553708923918, "data_time": 0.005716371536254883, "loss": 0.04337696358561516, "decode.loss_ce": 0.0304926797747612, "decode.acc_seg": 80.4168701171875,